<?xml version='1.0' encoding='UTF-8'?>
<weblogic-application xmlns="http://www.bea.com/ns/weblogic/90"
                      xmlns:xsi="http://www.w3.org/2001/XMLSchema-instance">

    <library-ref>
        <library-name>com.monsanto.tps.wls.shared.core-lib</library-name>
        <specification-version>${shared-lib.spec.version}</specification-version>
        <exact-match>true</exact-match>
    </library-ref>

    <library-ref>
        <library-name>com.monsanto.tps.wls.shared.services-lib</library-name>
        <specification-version>${shared-lib.spec.version}</specification-version>
        <exact-match>true</exact-match>
    </library-ref>

    <library-ref>
        <library-name>com.monsanto.tps.wls.shared.database-lib</library-name>
        <specification-version>${shared-lib.spec.version}</specification-version>
        <exact-match>true</exact-match>
    </library-ref>

    <library-ref>
        <library-name>com.monsanto.tps.wls.shared.cache-lib</library-name>
        <specification-version>${shared-lib.spec.version}</specification-version>
        <exact-match>true</exact-match>
    </library-ref>

    <library-ref>
        <library-name>com.monsanto.tps.wls.shared.security-lib</library-name>
        <specification-version>${shared-lib.spec.version}</specification-version>
        <exact-match>true</exact-match>
    </library-ref>

    <prefer-application-packages>
        <package-name>org.apache.log4j.*</package-name>
        <package-name>antlr.*</package-name>
        <package-name>org.apache.xml.*</package-name>
        <package-name>org.apache.xalan.*</package-name>
        <package-name>org.apache.xpath.*</package-name>
        <package-name>org.apache.xerces.*</package-name>
        <package-name>org.apache.commons.*</package-name>
        <package-name>org.xmlsoap.schemas.wsdl.*</package-name>
        <package-name>com.sun.xml.bind.*</package-name>
    </prefer-application-packages>

</weblogic-application>
